{
    "fullscreen": false,
    "qualityIndex": 0,
    "resIndex": 0,
    "masterVol": 0.3952578902244568,
    "sfxVol": 0.7551811337471008,
    "musicVol": 0.2008524239063263
}